[{
        "name": "casino",
        "escapee": {
            "x": 872.2961,
            "y": -33.75466,
            "z": 78.25092,
            "direction": 55
        },
        "airsupport": {
            "x": 892.1,
            "y": -28.704,
            "z": 78.517,
            "direction": 325
        },
        "hunter": [{
            "x": 871.0931,
            "y": -8.027414,
            "z": 78.25092,
            "direction": 235
        }, {
            "x": 869.2922,
            "y": -10.85556,
            "z": 78.25092,
            "direction": 235
        }, {
            "x": 867.3961,
            "y": -13.83304,
            "z": 78.25092,
            "direction": 235
        }, {
            "x": 865.4691,
            "y": -16.8592,
            "z": 78.25092,
            "direction": 235
        }, {
            "x": 863.5977,
            "y": -19.79782,
            "z": 78.25092,
            "direction": 235
        }, {
            "x": 861.6579,
            "y": -22.84399,
            "z": 78.25092,
            "direction": 235
        }, {
            "x": 859.8667,
            "y": -25.65676,
            "z": 78.25092,
            "direction": 235
        }, {
            "x": 857.9991,
            "y": -28.58957,
            "z": 78.25092,
            "direction": 235
        }, {
            "x": 856.077,
            "y": -31.60794,
            "z": 78.25092,
            "direction": 235
        }, {
            "x": 854.2204,
            "y": -34.52335,
            "z": 78.25092,
            "direction": 235
        }, {
            "x": 852.343,
            "y": -37.47161,
            "z": 78.25092,
            "direction": 235
        }, {
            "x": 850.6003,
            "y": -40.2081,
            "z": 78.25092,
            "direction": 235
        }, {
            "x": 848.5654,
            "y": -43.40371,
            "z": 78.25092,
            "direction": 235
        }, {
            "x": 900.4053,
            "y": -26.79921,
            "z": 78.25092,
            "direction": 235
        }, {
            "x": 898.4274,
            "y": -30.02213,
            "z": 78.25092,
            "direction": 55
        }, {
            "x": 896.6921,
            "y": -32.84973,
            "z": 78.25092,
            "direction": 55
        }, {
            "x": 894.9279,
            "y": -35.72458,
            "z": 78.25092,
            "direction": 55
        }, {
            "x": 893.1837,
            "y": -38.56657,
            "z": 78.25092,
            "direction": 55
        }, {
            "x": 891.3335,
            "y": -41.58147,
            "z": 78.25092,
            "direction": 55
        }, {
            "x": 889.4479,
            "y": -44.654,
            "z": 78.25092,
            "direction": 55
        }, {
            "x": 887.7943,
            "y": -47.34845,
            "z": 78.25092,
            "direction": 55
        }, {
            "x": 885.9185,
            "y": -50.40506,
            "z": 78.25092,
            "direction": 55
        }, {
            "x": 884.0901,
            "y": -53.38437,
            "z": 78.25092,
            "direction": 55
        }, {
            "x": 882.3299,
            "y": -56.25257,
            "z": 78.25092,
            "direction": 55
        }, {
            "x": 880.5823,
            "y": -59.10026,
            "z": 78.25092,
            "direction": 55
        }, {
            "x": 878.7366,
            "y": -62.10781,
            "z": 78.25092,
            "direction": 55
        }]
    },
    {
        "name": "carpark",
        "escapee": {
            "x": -162.4375,
            "y": -601.8982,
            "z": 32.06454,
            "direction": 157.289
        },
        "airsupport": {
            "x": -286.234,
            "y": -617.456,
            "z": 50.091,
            "direction": 83.876
        },
        "hunter": [{
                "x": -141.49,
                "y": -594.8096,
                "z": 32.06454,
                "direction": 65.659
            },
            {
                "x": -142.7064,
                "y": -598.3364,
                "z": 32.06454,
                "direction": 65.659
            },
            {
                "x": -144.0625,
                "y": -602.2683,
                "z": 32.06454,
                "direction": 65.659
            },
            {
                "x": -145.3319,
                "y": -605.9485,
                "z": 32.06454,
                "direction": 65.659
            },
            {
                "x": -146.8119,
                "y": -610.2397,
                "z": 32.06454,
                "direction": 65.659
            },
            {
                "x": -148.1096,
                "y": -614.0021,
                "z": 32.06454,
                "direction": 65.659
            },
            {
                "x": -149.5726,
                "y": -618.2438,
                "z": 32.06454,
                "direction": 65.659
            },
            {
                "x": -150.7844,
                "y": -621.7572,
                "z": 32.06454,
                "direction": 65.659
            },
            {
                "x": -152.3124,
                "y": -626.1873,
                "z": 32.06454,
                "direction": 65.659
            },
            {
                "x": -153.583,
                "y": -629.871,
                "z": 32.06454,
                "direction": 65.659
            },
            {
                "x": -155.078,
                "y": -634.2056,
                "z": 32.06454,
                "direction": 65.659
            },
            {
                "x": -156.3197,
                "y": -637.8057,
                "z": 32.06454,
                "direction": 65.659
            },
            {
                "x": -167.8004,
                "y": -584.8603,
                "z": 32.06454,
                "direction": 245.659
            },
            {
                "x": -169.0799,
                "y": -588.7203,
                "z": 32.06454,
                "direction": 245.659
            },
            {
                "x": -170.4697,
                "y": -592.9128,
                "z": 32.06454,
                "direction": 245.659
            },
            {
                "x": -171.6,
                "y": -596.3227,
                "z": 32.06454,
                "direction": 245.659
            },
            {
                "x": -173.1142,
                "y": -600.8904,
                "z": 32.06454,
                "direction": 245.659
            },
            {
                "x": -174.3076,
                "y": -604.4907,
                "z": 32.06454,
                "direction": 245.659
            },
            {
                "x": -175.7223,
                "y": -608.7584,
                "z": 32.06454,
                "direction": 245.659
            },
            {
                "x": -176.8654,
                "y": -612.2068,
                "z": 32.06454,
                "direction": 245.659
            },
            {
                "x": -178.4223,
                "y": -616.9037,
                "z": 32.06454,
                "direction": 245.659
            },
            {
                "x": -179.6193,
                "y": -620.5146,
                "z": 32.06454,
                "direction": 245.659
            },
            {
                "x": -180.9419,
                "y": -624.5046,
                "z": 32.06454,
                "direction": 245.659
            },
            {
                "x": -182.2675,
                "y": -628.5037,
                "z": 32.06454,
                "direction": 245.659
            }



        ]
    },
    {
        "name": "pier",
        "escapee": {
            "x": -1557.16,
            "y": -1002.7,
            "z": 12.50782,
            "direction": 137.28

        },
        "airsupport": {
            "x": -1516.622,
            "y": -1044.600,
            "z": 5.345,
            "direction": 327.365
        },
        "hunter": [{
                "x": -1554.667,
                "y": -1023.131,
                "z": 12.50783,
                "direction": 74.141
            },
            {
                "x": -1552.162,
                "y": -1020.137,
                "z": 12.50783,
                "direction": 74.141
            },
            {
                "x": -1549.636,
                "y": -1017.118,
                "z": 12.50783,
                "direction": 74.141
            },
            {
                "x": -1547.1,
                "y": -1014.088,
                "z": 12.50783,
                "direction": 74.141
            },
            {
                "x": -1544.582,
                "y": -1011.079,
                "z": 12.50783,
                "direction": 74.141
            },
            {
                "x": -1542.056,
                "y": -1008.06,
                "z": 12.50783,
                "direction": 74.141
            },
            {
                "x": -1539.57,
                "y": -1005.089,
                "z": 12.50783,
                "direction": 74.141
            },
            {
                "x": -1537.015,
                "y": -1002.036,
                "z": 12.50783,
                "direction": 74.141
            },
            {
                "x": -1534.528,
                "y": -999.0635,
                "z": 12.50783,
                "direction": 74.141
            },
            {
                "x": -1532.175,
                "y": -996.2514,
                "z": 12.50783,
                "direction": 74.141
            },
            {
                "x": -1529.712,
                "y": -993.3084,
                "z": 12.50783,
                "direction": 74.141
            },
            {
                "x": -1527.229,
                "y": -990.3415,
                "z": 12.50783,
                "direction": 74.141
            },
            {
                "x": -1524.782,
                "y": -987.4168,
                "z": 12.50783,
                "direction": 74.141
            },
            {
                "x": -1579.041,
                "y": -1002.735,
                "z": 12.50783,
                "direction": 254.141
            },
            {
                "x": -1576.607,
                "y": -999.8667,
                "z": 12.50783,
                "direction": 254.141
            },
            {
                "x": -1574.064,
                "y": -996.8701,
                "z": 12.50783,
                "direction": 254.141
            },
            {
                "x": -1571.52,
                "y": -993.8724,
                "z": 12.50783,
                "direction": 254.141
            },
            {
                "x": -1569.011,
                "y": -990.9155,
                "z": 12.50783,
                "direction": 254.141
            },
            {
                "x": -1566.443,
                "y": -987.8897,
                "z": 12.50783,
                "direction": 254.141
            },
            {
                "x": -1563.906,
                "y": -984.8998,
                "z": 12.50783,
                "direction": 254.141
            },
            {
                "x": -1561.353,
                "y": -981.8912,
                "z": 12.50783,
                "direction": 254.141
            },
            {
                "x": -1558.799,
                "y": -978.882,
                "z": 12.50783,
                "direction": 254.141
            },
            {
                "x": -1556.274,
                "y": -975.9067,
                "z": 12.50783,
                "direction": 254.141
            },
            {
                "x": -1553.712,
                "y": -972.8876,
                "z": 12.50783,
                "direction": 254.141
            },
            {
                "x": -1551.236,
                "y": -969.969,
                "z": 12.50783,
                "direction": 254.141
            },
            {
                "x": -1548.637,
                "y": -966.9065,
                "z": 12.50783,
                "direction": 254.141
            }





        ]


    },
    {
        "name": "airport",
        "escapee": {
            "x":-968.183, 
            "y":-2796.860,
            "z": 13.2553,
            "direction": 332.353

        },
        "airsupport": {
            "x": -1000.715,
            "y": -2914.005,
            "z": 13.238,
            "direction": 328.878
        },
        "hunter":[
            {"x":	-985.5602,	"y":	-2839.814,	"z":	13.43664	,"direction":332.353},	
            {"x":	-990.5677,	"y":	-2848.455,	"z":	13.43664	,"direction":332.353},	
            {"x":	-995.5751,	"y":	-2857.096,	"z":	13.43664	,"direction":332.353},	
            {"x":	-1000.608,	"y":	-2865.781,	"z":	13.43664	,"direction":332.353},	
            {"x":	-1005.591,	"y":	-2874.379,	"z":	13.43664	,"direction":332.353},	
            {"x":	-1010.623,	"y":	-2883.063,	"z":	13.43664	,"direction":332.353},	
            {"x":	-1015.661,	"y":	-2891.755,	"z":	13.43664	,"direction":332.353},	
            {"x":	-1020.597,	"y":	-2900.273,	"z":	13.43664	,"direction":332.353},	
            {"x":	-1025.609,	"y":	-2908.922,	"z":	13.43664	,"direction":332.353},	
            {"x":	-1030.647,	"y":	-2917.614,	"z":	13.43664	,"direction":332.353},	
            {"x":	-1035.661,	"y":	-2926.266,	"z":	13.43664	,"direction":332.353},	
            {"x":	-1041.983,	"y":	-2937.175,	"z":	13.43664	,"direction":332.353},	
            {"x":	-1047.048,	"y":	-2945.917,	"z":	13.43664	,"direction":332.353},	
                                        
                                        
            {"x":	-990.3217,	"y":	-2837.055,	"z":	13.43664	,"direction":332.353},	
            {"x":	-995.3433,	"y":	-2845.72,	"z":	13.43664	,"direction":332.353},	
            {"x":	-1000.34,	"y":	-2854.342,	"z":	13.43664	,"direction":332.353},	
            {"x":	-1005.345,	"y":	-2862.978,	"z":	13.43664	,"direction":332.353},	
            {"x":	-1010.375,	"y":	-2871.658,	"z":	13.43664	,"direction":332.353},	
            {"x":	-1015.39,	"y":	-2880.311,	"z":	13.43664	,"direction":332.353},	
            {"x":	-1020.404,	"y":	-2888.963,	"z":	13.43664	,"direction":332.353},	
            {"x":	-1025.442,	"y":	-2897.656,	"z":	13.43664	,"direction":332.353},	
            {"x":	-1030.438,	"y":	-2906.277,	"z":	13.43664	,"direction":332.353},	
            {"x":	-1035.43,	"y":	-2914.891,	"z":	13.43664	,"direction":332.353},	
            {"x":	-1040.45,	"y":	-2923.553,	"z":	13.43664	,"direction":332.353},	
            {"x":	-1044.37,	"y":	-2930.317,	"z":	13.43664	,"direction":332.353},	
            {"x":	-1049.385,	"y":	-2938.971,	"z":	13.43664	,"direction":332.353}
            

        ]
    },
    {
        "name": "docks",
        "escapee":{
            "x":945.9987 , 
            "y": -3169.979 , 
            "z": 5.403391,
            "direction": 90.780
        },
        "airsupport":{
            "x":1035.209,
            "y":-3169.351,
            "z": 5.650,
            "direction": 92.845
        },
        "hunter":[
            {"x":	920.7608,	"y":	-3188.214,	"z":	5.403391	,"direction":359.343},	
            {"x":	924.8958,	"y":	-3188.214,	"z":	5.403391	,"direction":359.343},	
            {"x":	928.9898,	"y":	-3188.214,	"z":	5.403391	,"direction":359.343},	
            {"x":	933.0915,	"y":	-3188.214,	"z":	5.403391	,"direction":359.343},	
            {"x":	937.1705,	"y":	-3188.214,	"z":	5.403391	,"direction":359.343},	
            {"x":	941.1473,	"y":	-3188.214,	"z":	5.403391	,"direction":359.343},	
            {"x":	945.2666,	"y":	-3188.214,	"z":	5.403391	,"direction":359.343},	
            {"x":	949.3107,	"y":	-3188.214,	"z":	5.403391	,"direction":359.343},	
            {"x":	953.2353,	"y":	-3188.214,	"z":	5.403391	,"direction":359.343},	
            {"x":	957.5103,	"y":	-3188.214,	"z":	5.403391	,"direction":359.343},	
            {"x":	961.5596,	"y":	-3188.214,	"z":	5.403391	,"direction":359.343},	
            {"x":	965.5916,	"y":	-3188.214,	"z":	5.403391	,"direction":359.343},	
            {"x":	969.5745,	"y":	-3188.214,	"z":	5.403391	,"direction":359.343},	
                                        
                                        
            {"x":	969.5612,	"y":	-3152.985,	"z":	5.403391	,"direction":179.343},	
            {"x":	965.4107,	"y":	-3152.985,	"z":	5.403391	,"direction":179.343},	
            {"x":	961.3311,	"y":	-3152.985,	"z":	5.403391	,"direction":179.343},	
            {"x":	957.3214,	"y":	-3152.985,	"z":	5.403391	,"direction":179.343},	
            {"x":	953.5073,	"y":	-3152.985,	"z":	5.403391	,"direction":179.343},	
            {"x":	949.2295,	"y":	-3152.985,	"z":	5.403391	,"direction":179.343},	
            {"x":	945.1362,	"y":	-3152.985,	"z":	5.403391	,"direction":179.343},	
            {"x":	941.053,	"y":	-3152.985,	"z":	5.403391	,"direction":179.343},	
            {"x":	936.9592,	"y":	-3152.985,	"z":	5.403391	,"direction":179.343},	
            {"x":	932.8613,	"y":	-3152.985,	"z":	5.403391	,"direction":179.343},	
            {"x":	928.9518,	"y":	-3152.985,	"z":	5.403391	,"direction":179.343},	
            {"x":	924.7627,	"y":	-3152.985,	"z":	5.403391	,"direction":179.343},	
            {"x":	920.6714,	"y":	-3152.985,	"z":	5.403391	,"direction":179.343}
            

        ]
    }
]